{"cameraMode":{"drawMode":0,"name":"Shaded","section":"Shading Mode"},"sceneLighting":true,"audioPlay":false,"sceneViewState":{"showFog":true,"showMaterialUpdate":false,"showSkybox":true,"showFlares":true,"showImageEffects":true,"showParticleSystems":true},"in2DMode":false,"pivot":{"x":-6.374544143676758,"y":-0.06925773620605469,"z":-7.032392978668213},"rotation":{"x":-0.15818080306053163,"y":0.7703391909599304,"z":-0.20972666144371034,"w":-0.581008791923523},"size":47.97997283935547,"orthographic":false}