{"cameraMode":{"drawMode":0,"name":"Shaded","section":"Shading Mode"},"sceneLighting":true,"audioPlay":false,"sceneViewState":{"showFog":true,"showMaterialUpdate":false,"showSkybox":true,"showFlares":true,"showImageEffects":true,"showParticleSystems":true},"in2DMode":false,"pivot":{"x":-8.054542541503907,"y":-5.349794387817383,"z":29.666927337646486},"rotation":{"x":-0.20371095836162568,"y":0.6185692548751831,"z":-0.1704019010066986,"w":-0.7394843697547913},"size":13.81673526763916,"orthographic":false}